{
	"format_version": "1.8.0",
	"animations": {
		"cast_shoot": {
			"animation_length": 1.125,
			"bones": {
				"right_arm": {
					"rotation": {
						"0.0": [0, 0, 0],
						"0.25": [-77.5, 0, 0],
						"0.5": [-69.98973, -50.76404, -15.75215],
						"0.6667": [-69.98973, -50.76404, -15.75215],
						"0.75": [-77.31336, 9.76061, 2.18558]
					}
				}
			}
		}
	}
}