{
	"format_version": "1.8.0",
	"animations": {
		"cast_simple": {
			"animation_length": 2,
			"bones": {
				"right_arm": {
					"rotation": {
						"0.0": [-35, 0, 0],
						"0.2083": [-87.5, 0, 0],
						"0.3333": [-105.43938, -22.48791, -0.55404],
						"0.5": [-67.99446, 1.40345, 5.14646],
						"0.625": [-67.39362, 12.97484, 19.92036],
						"0.75": [-95.9165, 0.24346, 4.68316],
						"0.875": [-76.43938, -22.48791, -0.55404],
						"1.0": [-67.99446, 1.40345, 5.14646],
						"1.125": [-77.39362, 12.97484, 21.92036],
						"1.25": [-97.9165, 0.24346, 4.68316],
						"1.375": [-78.43938, -23.48791, -0.55404],
						"1.5": [-67.99446, 1.40345, 5.14646],
						"1.625": [-77.39362, 12.97484, 25.92036],
						"1.75": [-98.9165, 0.24346, 4.68316],
						"1.875": [-92.4165, 0.24346, 4.68316],
						"1.9583": [-92.42482, -4.75208, 4.89444],
						"2.0": [-92.4165, 0.24346, 4.68316]
					}
				}
			},
			"timeline": {}
		}
	}
}